﻿<?xml version="1.0" encoding="utf-8"?>
<Project ToolsVersion="14.0" xmlns="http://schemas.microsoft.com/developer/msbuild/2003">
  <PropertyGroup>
    <IncludeCompositeObjects>True</IncludeCompositeObjects>
    <TargetDatabaseName>OrderManagement</TargetDatabaseName>
    <DeployScriptFileName>OrderManagement.Db.sql</DeployScriptFileName>
    <TargetConnectionString>Data Source=localhost;Integrated Security=True;Pooling=False</TargetConnectionString>
    <ProfileVersionNumber>1</ProfileVersionNumber>
  </PropertyGroup>
  <ItemGroup>
    <SqlCmdVariable Include="DeployStats">
      <Value>yes</Value>
    </SqlCmdVariable>
    <SqlCmdVariable Include="TurnOffAutoStats">
      <Value>yes</Value>
    </SqlCmdVariable>
  </ItemGroup>
</Project>